Sector,Total_Loan_Amount,Avg_ESG_Risk,High_Risk_Clients
Agribusiness,126603595,3.488372093023256,9
Construction,126996292,3.326530612244898,5
Energy,100996397,3.3513513513513513,4
Manufacturing,89575129,3.5428571428571427,4
Services,88706832,3.5833333333333335,6
